{
  "species":["House","Bachman's","Grasshopper","Field","Baird's","LeConte's","Harris's","Savannah","Clay-colored","Fox","Brewer's","Vesper","Song","Henslow's","Cassin's","Lark","Chipping","Sagebrush","Bell's","Lincoln's"],
  "loss":[331000000,453788,69889205,16311719,5962461,8054350,2537435,140000000,43211619,23716178,10528151,17080117,55082452,173828,3972623,4346085,79503437,396873,15185,2035820],
  "perc":[78.09512062,72.98534865,67.63788804,63.60502672,63.41266039,61.09887939,55.9222336,45.30744337,41.80653279,40.66441339,38.47567961,32.76190857,30.41843723,29.86663239,29.27208312,29.00397519,25.60468823,6.862752812,6.601192923,2.259146705]
}
